slug,name,programming_kind,technical,load,overall,recommended_age_min,attention_demand,source,notes
medicine-ball-overhead-throw,"Medicine Ball Overhead Throw",exercise,4,5,5,9,moderate,reviewed,"Workout exercise — load 5/10, technical 4/10"
medicine-ball-rotational-wall-throw,"Medicine Ball Rotational Wall Throw",exercise,4,5,5,9,moderate,reviewed,"Workout exercise — load 5/10, technical 4/10"
tall-kneeling-medicine-ball-chest-pass,"Tall-Kneeling Medicine Ball Chest Pass",exercise,4,4,4,7,low,reviewed,"Workout exercise — load 4/10, technical 4/10"
half-kneeling-medicine-ball-shot-put-throw,"Half-Kneeling Medicine Ball Shot-Put Throw",exercise,4,4,4,7,low,reviewed,"Workout exercise — load 4/10, technical 4/10"
split-stance-medicine-ball-rotational-throw,"Split-Stance Medicine Ball Rotational Throw",exercise,4,4,4,7,low,reviewed,"Workout exercise — load 4/10, technical 4/10"
medicine-ball-countermovement-throw,"Medicine Ball Countermovement Throw",exercise,4,4,4,7,low,reviewed,"Workout exercise — load 4/10, technical 4/10"
slam-ball-overhead-slam,"Slam Ball Overhead Slam",exercise,4,4,4,7,low,reviewed,"Workout exercise — load 4/10, technical 4/10"
slam-ball-rotational-slam,"Slam Ball Rotational Slam",exercise,4,4,4,7,low,reviewed,"Workout exercise — load 4/10, technical 4/10"
slam-ball-side-to-side-slam,"Slam Ball Side-to-Side Slam",exercise,4,4,4,7,low,reviewed,"Workout exercise — load 4/10, technical 4/10"
slam-ball-scoop-slam,"Slam Ball Scoop Slam",exercise,4,4,4,7,low,reviewed,"Workout exercise — load 4/10, technical 4/10"
slam-ball-rainbow-slam,"Slam Ball Rainbow Slam",exercise,4,4,4,7,low,reviewed,"Workout exercise — load 4/10, technical 4/10"
kneeling-slam-ball-slam,"Kneeling Slam Ball Slam",exercise,4,4,4,7,low,reviewed,"Workout exercise — load 4/10, technical 4/10"
split-stance-slam-ball-slam,"Split-Stance Slam Ball Slam",exercise,4,4,4,7,low,reviewed,"Workout exercise — load 4/10, technical 4/10"
step-behind-rotational-slam-ball-slam,"Step-Behind Rotational Slam Ball Slam",exercise,4,4,4,7,low,reviewed,"Workout exercise — load 4/10, technical 4/10"
slam-ball-slam-to-sprint-start,"Slam Ball Slam to Sprint Start",exercise,4,4,4,7,low,reviewed,"Workout exercise — load 4/10, technical 4/10"
medicine-ball-dead-bug-press,"Medicine Ball Dead Bug Press",exercise,2,4,4,7,low,reviewed,"Workout exercise — load 4/10, technical 2/10"
medicine-ball-hollow-body-hold,"Medicine Ball Hollow Body Hold",exercise,4,4,4,7,low,reviewed,"Workout exercise — load 4/10, technical 4/10"
medicine-ball-v-up-pass,"Medicine Ball V-Up Pass",exercise,4,4,4,7,low,reviewed,"Workout exercise — load 4/10, technical 4/10"
medicine-ball-russian-twist-controlled,"Medicine Ball Russian Twist - Controlled",exercise,4,4,4,7,low,reviewed,"Workout exercise — load 4/10, technical 4/10"
tall-kneeling-medicine-ball-chop,"Tall-Kneeling Medicine Ball Chop",exercise,4,4,4,7,low,reviewed,"Workout exercise — load 4/10, technical 4/10"
half-kneeling-medicine-ball-lift,"Half-Kneeling Medicine Ball Lift",exercise,4,4,4,7,low,reviewed,"Workout exercise — load 4/10, technical 4/10"
medicine-ball-plank-pull-through,"Medicine Ball Plank Pull-Through",exercise,2,4,4,7,low,reviewed,"Workout exercise — load 4/10, technical 2/10"
medicine-ball-rollout,"Medicine Ball Rollout",exercise,4,4,4,7,low,reviewed,"Workout exercise — load 4/10, technical 4/10"
medicine-ball-push-up-hand-switch,"Medicine Ball Push-Up Hand Switch",exercise,4,4,4,7,low,reviewed,"Workout exercise — load 4/10, technical 4/10"
partner-medicine-ball-sit-up-throw,"Partner Medicine Ball Sit-Up Throw",exercise,4,4,4,7,low,reviewed,"Workout exercise — load 4/10, technical 4/10"
medicine-ball-chest-pass-catch-and-stick,"Medicine Ball Chest Pass Catch-and-Stick",exercise,4,4,4,7,low,reviewed,"Workout exercise — load 4/10, technical 4/10"
medicine-ball-scoop-toss-catch-and-stick,"Medicine Ball Scoop Toss Catch-and-Stick",exercise,4,4,4,7,low,reviewed,"Workout exercise — load 4/10, technical 4/10"
medicine-ball-lateral-shuffle-pass,"Medicine Ball Lateral Shuffle Pass",exercise,4,4,4,7,low,reviewed,"Workout exercise — load 4/10, technical 4/10"
medicine-ball-catch-to-decel-stick,"Medicine Ball Catch-to-Decel Stick",exercise,4,4,4,7,low,reviewed,"Workout exercise — load 4/10, technical 4/10"
reactive-medicine-ball-target-pass,"Reactive Medicine Ball Target Pass",exercise,5,4,5,9,moderate,reviewed,"Workout exercise — load 4/10, technical 5/10"
moving-target-medicine-ball-chest-pass,"Moving Target Medicine Ball Chest Pass",exercise,4,4,4,7,low,reviewed,"Workout exercise — load 4/10, technical 4/10"
medicine-ball-pivot-catch-and-pass,"Medicine Ball Pivot Catch and Pass",exercise,4,4,4,7,low,reviewed,"Workout exercise — load 4/10, technical 4/10"
medicine-ball-over-shoulder-track-and-catch,"Medicine Ball Over-Shoulder Track and Catch",exercise,4,4,4,7,low,reviewed,"Workout exercise — load 4/10, technical 4/10"
partner-trunk-twist-medicine-ball-exchange,"Partner Trunk-Twist Medicine Ball Exchange",exercise,4,4,4,7,low,reviewed,"Workout exercise — load 4/10, technical 4/10"
slam-ball-ground-to-shoulder,"Slam Ball Ground-to-Shoulder",exercise,4,4,4,7,low,reviewed,"Workout exercise — load 4/10, technical 4/10"
slam-ball-bear-hug-squat,"Slam Ball Bear-Hug Squat",exercise,4,4,4,7,low,reviewed,"Workout exercise — load 4/10, technical 4/10"
slam-ball-bear-hug-carry,"Slam Ball Bear-Hug Carry",exercise,4,5,5,9,moderate,reviewed,"Workout exercise — load 5/10, technical 4/10"
slam-ball-clean-to-front-squat,"Slam Ball Clean to Front Squat",exercise,5,5,5,9,moderate,reviewed,"Workout exercise — load 5/10, technical 5/10"
slam-ball-sprawl-to-slam,"Slam Ball Sprawl to Slam",exercise,4,4,4,7,low,reviewed,"Workout exercise — load 4/10, technical 4/10"
partner-trunk-twist-med-ball-exchange,"Partner Trunk Twist Med Ball Exchange",exercise,4,5,5,9,moderate,reviewed,"Workout exercise — load 5/10, technical 4/10"
partner-sit-up-medicine-ball-throw,"Partner Sit-Up Medicine Ball Throw",exercise,4,4,4,7,low,reviewed,"Workout exercise — load 4/10, technical 4/10"
partner-medicine-ball-shot-put-pass,"Partner Medicine Ball Shot-Put Pass",exercise,4,4,4,7,low,reviewed,"Workout exercise — load 4/10, technical 4/10"
partner-lateral-shuffle-med-ball-pass,"Partner Lateral Shuffle Med Ball Pass",exercise,4,5,5,9,moderate,reviewed,"Workout exercise — load 5/10, technical 4/10"
partner-reactive-med-ball-toss-and-relocate,"Partner Reactive Med Ball Toss and Relocate",exercise,5,5,5,9,moderate,reviewed,"Workout exercise — load 5/10, technical 5/10"
partner-med-ball-catch-to-decel-stick,"Partner Med Ball Catch-to-Decel Stick",exercise,4,5,5,9,moderate,reviewed,"Workout exercise — load 5/10, technical 4/10"
two-person-tug-of-war,"Two-Person Tug-of-War",exercise,4,2,4,7,low,reviewed,"Workout exercise — load 2/10, technical 4/10"
partner-towel-row,"Partner Towel Row",exercise,4,2,4,7,low,reviewed,"Workout exercise — load 2/10, technical 4/10"
partner-band-resisted-sprint-start,"Partner Band-Resisted Sprint Start",exercise,4,1,4,7,low,reviewed,"Workout exercise — load 1/10, technical 4/10"
partner-band-resisted-lateral-shuffle,"Partner Band-Resisted Lateral Shuffle",exercise,4,1,4,7,low,reviewed,"Workout exercise — load 1/10, technical 4/10"
partner-push-pull-athletic-stance,"Partner Push-Pull Athletic Stance",exercise,4,2,4,7,low,reviewed,"Workout exercise — load 2/10, technical 4/10"
partner-isometric-split-squat-hand-press,"Partner Isometric Split-Squat Hand Press",exercise,4,2,4,7,low,reviewed,"Workout exercise — load 2/10, technical 4/10"
partner-manual-resistance-hamstring-curl,"Partner Manual-Resistance Hamstring Curl",exercise,4,2,4,7,low,reviewed,"Workout exercise — load 2/10, technical 4/10"
partner-assisted-nordic-hamstring-negative,"Partner-Assisted Nordic Hamstring Negative",exercise,3,3,3,6,low,reviewed,"Workout exercise — load 3/10, technical 3/10"
partner-wheelbarrow-walk,"Partner Wheelbarrow Walk",exercise,4,2,4,7,low,reviewed,"Workout exercise — load 2/10, technical 4/10"
partner-buddy-carry,"Partner Buddy Carry",exercise,4,2,4,7,low,reviewed,"Workout exercise — load 2/10, technical 4/10"
partner-pallof-band-hold,"Partner Pallof Band Hold",exercise,4,2,4,7,low,reviewed,"Workout exercise — load 2/10, technical 4/10"
partner-plank-hand-tap,"Partner Plank Hand Tap",exercise,2,2,2,6,low,reviewed,"Workout exercise — load 2/10, technical 2/10"
partner-dead-bug-hand-press,"Partner Dead Bug Hand Press",exercise,2,2,2,6,low,reviewed,"Workout exercise — load 2/10, technical 2/10"
partner-hollow-body-med-ball-exchange,"Partner Hollow Body Med Ball Exchange",exercise,4,5,5,9,moderate,reviewed,"Workout exercise — load 5/10, technical 4/10"
partner-single-leg-balance-ball-toss,"Partner Single-Leg Balance Ball Toss",exercise,4,4,4,7,low,reviewed,"Workout exercise — load 4/10, technical 4/10"
partner-chase-sprint-start,"Partner Chase Sprint Start",exercise,4,1,4,7,low,reviewed,"Workout exercise — load 1/10, technical 4/10"
partner-tennis-ball-drop-sprint,"Partner Tennis Ball Drop Sprint",exercise,4,1,4,7,low,reviewed,"Workout exercise — load 1/10, technical 4/10"
partner-reaction-ball-drop-sprint,"Partner Reaction Ball Drop Sprint",exercise,4,1,4,7,low,reviewed,"Workout exercise — load 1/10, technical 4/10"
partner-45-degree-cut-callout-chase,"Partner 45-Degree Cut Callout Chase",exercise,5,1,5,9,moderate,reviewed,"Workout exercise — load 1/10, technical 5/10"
partner-shadow-defense-drill,"Partner Shadow Defense Drill",skill_drill,4,1,4,,low,reviewed,"Skill drill — gates on class/athlete level (BEGINNER)"
partner-backpedal-turn-and-go-cue,"Partner Backpedal Turn-and-Go Cue",exercise,4,1,4,7,low,reviewed,"Workout exercise — load 1/10, technical 4/10"
partner-low-level-reactive-agility-box,"Partner Low-Level Reactive Agility Box",exercise,5,1,5,9,moderate,reviewed,"Workout exercise — load 1/10, technical 5/10"
partner-hand-fighting-footwork,"Partner Hand-Fighting Footwork",exercise,4,2,4,7,low,reviewed,"Workout exercise — load 2/10, technical 4/10"
partner-pummeling-balance-drill,"Partner Pummeling Balance Drill",exercise,4,2,4,7,low,reviewed,"Workout exercise — load 2/10, technical 4/10"
partner-line-push-recovery,"Partner Line Push Recovery",exercise,4,2,4,7,low,reviewed,"Workout exercise — load 2/10, technical 4/10"
partner-grip-fight-lateral-step,"Partner Grip-Fight Lateral Step",exercise,4,2,4,7,low,reviewed,"Workout exercise — load 2/10, technical 4/10"
partner-crawling-mirror,"Partner Crawling Mirror",exercise,4,2,4,7,low,reviewed,"Workout exercise — load 2/10, technical 4/10"
partner-crab-walk-pull,"Partner Crab Walk Pull",exercise,4,2,4,7,low,reviewed,"Workout exercise — load 2/10, technical 4/10"
partner-wheelbarrow-shoulder-tap-crawl,"Partner Wheelbarrow Shoulder-Tap Crawl",exercise,4,2,4,7,low,reviewed,"Workout exercise — load 2/10, technical 4/10"
partner-assisted-turkish-get-up,"Partner-Assisted Turkish Get-Up",exercise,4,2,4,7,low,reviewed,"Workout exercise — load 2/10, technical 4/10"
partner-assisted-inverted-row-hold,"Partner-Assisted Inverted Row Hold",exercise,4,2,4,7,low,reviewed,"Workout exercise — load 2/10, technical 4/10"
partner-assisted-hip-airplane,"Partner-Assisted Hip Airplane",exercise,4,4,4,7,low,reviewed,"Workout exercise — load 4/10, technical 4/10"
medicine-ball-front-rack-breathing-squat,"Medicine Ball Front Rack Breathing Squat",exercise,4,4,4,7,low,reviewed,"Workout exercise — load 4/10, technical 4/10"
wall-ball-target-tap,"Wall Ball Target Tap",exercise,2,4,4,7,low,reviewed,"Workout exercise — load 4/10, technical 2/10"
wall-ball-squat-to-press-pattern,"Wall Ball Squat-to-Press Pattern",exercise,4,4,4,7,low,reviewed,"Workout exercise — load 4/10, technical 4/10"
wall-ball-catch-and-freeze,"Wall Ball Catch-and-Freeze",exercise,4,4,4,7,low,reviewed,"Workout exercise — load 4/10, technical 4/10"
half-wall-ball-shot,"Half Wall Ball Shot",exercise,4,4,4,7,low,reviewed,"Workout exercise — load 4/10, technical 4/10"
tempo-wall-ball-shot,"Tempo Wall Ball Shot",exercise,4,4,4,7,low,reviewed,"Workout exercise — load 4/10, technical 4/10"
wall-ball-single-rep-reset,"Wall Ball Single-Rep Reset",exercise,4,4,4,7,low,reviewed,"Workout exercise — load 4/10, technical 4/10"
standard-wall-ball-shot,"Standard Wall Ball Shot",exercise,4,4,4,7,low,reviewed,"Workout exercise — load 4/10, technical 4/10"
low-target-wall-ball-accuracy-set,"Low-Target Wall Ball Accuracy Set",exercise,4,4,4,7,low,reviewed,"Workout exercise — load 4/10, technical 4/10"
wall-ball-step-back-reset-shot,"Wall Ball Step-Back Reset Shot",exercise,4,4,4,7,low,reviewed,"Workout exercise — load 4/10, technical 4/10"
light-fast-wall-ball-shot,"Light Fast Wall Ball Shot",exercise,4,4,4,7,low,reviewed,"Workout exercise — load 4/10, technical 4/10"
heavy-wall-ball-power-shot,"Heavy Wall Ball Power Shot",exercise,4,6,6,10,moderate,reviewed,"Workout exercise — load 6/10, technical 4/10"
high-target-wall-ball-shot,"High-Target Wall Ball Shot",exercise,4,4,4,7,low,reviewed,"Workout exercise — load 4/10, technical 4/10"
jumping-wall-ball-shot,"Jumping Wall Ball Shot",exercise,4,4,4,7,low,reviewed,"Workout exercise — load 4/10, technical 4/10"
dip-drive-wall-ball-pop-throw,"Dip-Drive Wall Ball Pop Throw",exercise,4,5,5,9,moderate,reviewed,"Workout exercise — load 5/10, technical 4/10"
wall-ball-shot-put-throw-to-wall,"Wall Ball Shot-Put Throw to Wall",exercise,4,4,4,7,low,reviewed,"Workout exercise — load 4/10, technical 4/10"
split-stance-wall-ball-power-throw,"Split-Stance Wall Ball Power Throw",exercise,4,4,4,7,low,reviewed,"Workout exercise — load 4/10, technical 4/10"
wall-ball-cluster-set,"Wall Ball Cluster Set",exercise,4,7,7,12,moderate,reviewed,"Workout exercise — load 7/10, technical 4/10"
wall-ball-reactive-target-call,"Wall Ball Reactive Target Call",exercise,5,4,5,9,moderate,reviewed,"Workout exercise — load 4/10, technical 5/10"
wall-ball-throw-to-sprint-exit,"Wall Ball Throw-to-Sprint Exit",exercise,4,4,4,7,low,reviewed,"Workout exercise — load 4/10, technical 4/10"
rotational-wall-ball-scoop-toss,"Rotational Wall-Ball Scoop Toss",exercise,4,4,4,7,low,reviewed,"Workout exercise — load 4/10, technical 4/10"
side-stance-wall-ball-shot,"Side-Stance Wall Ball Shot",exercise,4,4,4,7,low,reviewed,"Workout exercise — load 4/10, technical 4/10"
half-kneeling-rotational-wall-throw,"Half-Kneeling Rotational Wall Throw",exercise,4,2,4,7,low,reviewed,"Workout exercise — load 2/10, technical 4/10"
tall-kneeling-overhead-wall-throw,"Tall-Kneeling Overhead Wall Throw",exercise,4,2,4,7,low,reviewed,"Workout exercise — load 2/10, technical 4/10"
lateral-shuffle-to-wall-ball-shot,"Lateral Shuffle to Wall Ball Shot",exercise,4,4,4,7,low,reviewed,"Workout exercise — load 4/10, technical 4/10"
lateral-catch-and-throw-wall-ball,"Lateral Catch-and-Throw Wall Ball",exercise,4,4,4,7,low,reviewed,"Workout exercise — load 4/10, technical 4/10"
reverse-lunge-to-wall-ball-shot,"Reverse Lunge to Wall Ball Shot",exercise,4,4,4,7,low,reviewed,"Workout exercise — load 4/10, technical 4/10"
cossack-shift-to-wall-ball-toss,"Cossack Shift to Wall Ball Toss",exercise,4,4,4,7,low,reviewed,"Workout exercise — load 4/10, technical 4/10"
crossover-step-wall-ball-shot,"Crossover Step Wall Ball Shot",exercise,4,4,4,7,low,reviewed,"Workout exercise — load 4/10, technical 4/10"
180-turn-wall-ball-catch-and-throw,"180-Turn Wall Ball Catch-and-Throw",exercise,5,4,5,9,moderate,reviewed,"Workout exercise — load 4/10, technical 5/10"
wall-ball-emom,"Wall Ball EMOM",exercise,4,4,4,7,low,reviewed,"Workout exercise — load 4/10, technical 4/10"
wall-ball-30-30-intervals,"Wall Ball 30-30 Intervals",exercise,4,4,4,7,low,reviewed,"Workout exercise — load 4/10, technical 4/10"
wall-ball-tabata,"Wall Ball Tabata",exercise,4,4,4,7,low,reviewed,"Workout exercise — load 4/10, technical 4/10"
wall-ball-repetition-ladder,"Wall Ball Repetition Ladder",exercise,4,4,4,7,low,reviewed,"Workout exercise — load 4/10, technical 4/10"
wall-ball-target-cycling,"Wall Ball Target Cycling",exercise,4,4,4,7,low,reviewed,"Workout exercise — load 4/10, technical 4/10"
wall-ball-plus-shuttle-run,"Wall Ball + Shuttle Run",exercise,4,4,4,7,low,reviewed,"Workout exercise — load 4/10, technical 4/10"
wall-ball-plus-bear-hug-carry-shuttle,"Wall Ball + Bear-Hug Carry Shuttle",exercise,4,5,5,9,moderate,reviewed,"Workout exercise — load 5/10, technical 4/10"
partner-alternating-wall-ball-relay,"Partner Alternating Wall Ball Relay",exercise,4,4,4,7,low,reviewed,"Workout exercise — load 4/10, technical 4/10"
wall-ball-density-block,"Wall Ball Density Block",exercise,4,4,4,7,low,reviewed,"Workout exercise — load 4/10, technical 4/10"
wall-ball-chipper-segment,"Wall Ball Chipper Segment",exercise,4,4,4,7,low,reviewed,"Workout exercise — load 4/10, technical 4/10"
medicine-ball-front-squat,"Medicine Ball Front Squat",exercise,5,5,5,9,moderate,reviewed,"Workout exercise — load 5/10, technical 5/10"
medicine-ball-thruster-no-release,"Medicine Ball Thruster (No Release)",exercise,4,4,4,7,low,reviewed,"Workout exercise — load 4/10, technical 4/10"
medicine-ball-clean-to-squat,"Medicine Ball Clean to Squat",exercise,4,5,5,9,moderate,reviewed,"Workout exercise — load 5/10, technical 4/10"
medicine-ball-squat-clean-to-wall-ball-shot,"Medicine Ball Squat Clean to Wall Ball Shot",exercise,4,5,5,9,moderate,reviewed,"Workout exercise — load 5/10, technical 4/10"
wall-ball-low-catch-position-hold,"Wall Ball Low-Catch Position Hold",exercise,4,4,4,7,low,reviewed,"Workout exercise — load 4/10, technical 4/10"
wall-ball-overhead-catch-prep,"Wall Ball Overhead Catch Prep",exercise,2,4,4,7,low,reviewed,"Workout exercise — load 4/10, technical 2/10"
front-rack-reverse-lunge-with-med-ball,"Front-Rack Reverse Lunge with Med Ball",exercise,4,5,5,9,moderate,reviewed,"Workout exercise — load 5/10, technical 4/10"
tall-kneeling-chest-pass-to-wall,"Tall-Kneeling Chest Pass to Wall",exercise,4,2,4,7,low,reviewed,"Workout exercise — load 2/10, technical 4/10"
half-kneeling-chest-pass-to-wall,"Half-Kneeling Chest Pass to Wall",exercise,4,2,4,7,low,reviewed,"Workout exercise — load 2/10, technical 4/10"
medicine-ball-dead-bug-pullover,"Medicine Ball Dead Bug Pullover",skill_drill,6,1,6,,moderate,reviewed,"Skill drill — gates on class/athlete level (INTERMEDIATE)"
half-kneeling-t-spine-rotation,"Half-Kneeling T-Spine Rotation",exercise,4,2,4,7,low,reviewed,"Workout exercise — load 2/10, technical 4/10"
spiderman-lunge-with-t-spine-reach,"Spiderman Lunge with T-Spine Reach",exercise,4,2,4,7,low,reviewed,"Workout exercise — load 2/10, technical 4/10"
standing-hip-shoulder-separation-drill,"Standing Hip-Shoulder Separation Drill",skill_drill,4,1,4,,low,reviewed,"Skill drill — gates on class/athlete level (BEGINNER)"
wall-split-stance-rotation-reach,"Wall Split-Stance Rotation Reach",exercise,4,2,4,7,low,reviewed,"Workout exercise — load 2/10, technical 4/10"
quadruped-thread-the-needle-reach,"Quadruped Thread-the-Needle Reach",exercise,4,2,4,7,low,reviewed,"Workout exercise — load 2/10, technical 4/10"
lateral-lunge-with-reach-across,"Lateral Lunge with Reach Across",exercise,4,2,4,7,low,reviewed,"Workout exercise — load 2/10, technical 4/10"
cossack-shift-with-t-spine-reach,"Cossack Shift with T-Spine Reach",exercise,4,2,4,7,low,reviewed,"Workout exercise — load 2/10, technical 4/10"
band-resisted-hip-turn-drill,"Band-Resisted Hip Turn Drill",exercise,4,2,4,7,low,reviewed,"Workout exercise — load 2/10, technical 4/10"
low-intensity-carioca-grapevine,"Low-Intensity Carioca / Grapevine",exercise,4,1,4,7,low,reviewed,"Workout exercise — load 1/10, technical 4/10"
half-kneeling-pallof-press-iso-hold,"Half-Kneeling Pallof Press Iso Hold",exercise,4,2,4,7,low,reviewed,"Workout exercise — load 2/10, technical 4/10"
split-stance-pallof-press,"Split-Stance Pallof Press",exercise,4,2,4,7,low,reviewed,"Workout exercise — load 2/10, technical 4/10"
anti-rotation-cable-press-out,"Anti-Rotation Cable Press-Out",exercise,4,2,4,7,low,reviewed,"Workout exercise — load 2/10, technical 4/10"
dead-bug-band-pulldown-with-rotation-resist,"Dead Bug Band Pulldown with Rotation Resist",exercise,2,2,2,6,low,reviewed,"Workout exercise — load 2/10, technical 2/10"
side-plank-reach-through-control,"Side Plank Reach-Through Control",exercise,2,2,2,6,low,reviewed,"Workout exercise — load 2/10, technical 2/10"
bird-dog-band-row-anti-rotation,"Bird Dog Band Row Anti-Rotation",exercise,2,2,2,6,low,reviewed,"Workout exercise — load 2/10, technical 2/10"
bear-position-shoulder-tap,"Bear Position Shoulder Tap",exercise,4,2,4,7,low,reviewed,"Workout exercise — load 2/10, technical 4/10"
suitcase-carry-march,"Suitcase Carry March",exercise,4,5,5,9,moderate,reviewed,"Workout exercise — load 5/10, technical 4/10"
landmine-rotation,"Landmine Rotation",exercise,4,2,4,7,low,reviewed,"Workout exercise — load 2/10, technical 4/10"
split-stance-cable-chop,"Split-Stance Cable Chop",exercise,4,1,4,7,low,reviewed,"Workout exercise — load 1/10, technical 4/10"
rotational-cable-row,"Rotational Cable Row",exercise,4,2,4,7,low,reviewed,"Workout exercise — load 2/10, technical 4/10"
cable-shot-put-press,"Cable Shot-Put Press",exercise,4,2,4,7,low,reviewed,"Workout exercise — load 2/10, technical 4/10"
lateral-lunge-to-rotational-reach,"Lateral Lunge to Rotational Reach",exercise,4,2,4,7,low,reviewed,"Workout exercise — load 2/10, technical 4/10"
suitcase-carry-with-direction-change,"Suitcase Carry with Direction Change",exercise,4,5,5,9,moderate,reviewed,"Workout exercise — load 5/10, technical 4/10"
med-ball-rotational-scoop-toss,"Med Ball Rotational Scoop Toss",exercise,4,5,5,9,moderate,reviewed,"Workout exercise — load 5/10, technical 4/10"
med-ball-shot-put-throw,"Med Ball Shot-Put Throw",exercise,4,5,5,9,moderate,reviewed,"Workout exercise — load 5/10, technical 4/10"
med-ball-shuffle-to-rotation-throw,"Med Ball Shuffle-to-Rotation Throw",exercise,4,5,5,9,moderate,reviewed,"Workout exercise — load 5/10, technical 4/10"
med-ball-countermovement-rotational-throw,"Med Ball Countermovement Rotational Throw",exercise,4,5,5,9,moderate,reviewed,"Workout exercise — load 5/10, technical 4/10"
med-ball-slam-to-rotational-throw,"Med Ball Slam to Rotational Throw",exercise,4,5,5,9,moderate,reviewed,"Workout exercise — load 5/10, technical 4/10"
half-kneeling-rotational-med-ball-throw,"Half-Kneeling Rotational Med Ball Throw",exercise,4,5,5,9,moderate,reviewed,"Workout exercise — load 5/10, technical 4/10"
med-ball-overhead-to-side-slam,"Med Ball Overhead to Side Slam",exercise,4,5,5,9,moderate,reviewed,"Workout exercise — load 5/10, technical 4/10"
med-ball-rebound-rotational-catch-and-throw,"Med Ball Rebound Rotational Catch-and-Throw",exercise,5,5,5,9,moderate,reviewed,"Workout exercise — load 5/10, technical 5/10"
carioca-build-up,"Carioca Build-Up",exercise,4,2,4,7,low,reviewed,"Workout exercise — load 2/10, technical 4/10"
crossover-run-drill,"Crossover Run Drill",skill_drill,4,1,4,,low,reviewed,"Skill drill — gates on class/athlete level (BEGINNER)"
45-degree-cut-to-stick,"45-Degree Cut to Stick",exercise,5,1,5,9,moderate,reviewed,"Workout exercise — load 1/10, technical 5/10"
lateral-bound-to-rotational-stick,"Lateral Bound to Rotational Stick",exercise,4,2,4,7,low,reviewed,"Workout exercise — load 2/10, technical 4/10"
90-degree-hop-to-stick,"90-Degree Hop to Stick",exercise,4,1,4,7,low,reviewed,"Workout exercise — load 1/10, technical 4/10"
skater-bound-with-reach,"Skater Bound with Reach",exercise,4,2,4,7,low,reviewed,"Workout exercise — load 2/10, technical 4/10"
pivot-to-sprint-start,"Pivot-to-Sprint Start",exercise,4,1,4,7,low,reviewed,"Workout exercise — load 1/10, technical 4/10"
distance-jump-snap-down-to-stick,"Snap Down to Stick",exercise,4,1,4,7,low,reviewed,"Workout exercise — load 1/10, technical 4/10"
distance-jump-drop-landing-to-stick,"Drop Landing to Stick",exercise,4,1,4,7,low,reviewed,"Workout exercise — load 1/10, technical 4/10"
single-leg-landing-stick,"Single-Leg Landing Stick",exercise,4,4,4,7,low,reviewed,"Workout exercise — load 4/10, technical 4/10"
low-box-step-off-to-horizontal-stick,"Low Box Step-Off to Horizontal Stick",exercise,4,2,4,7,low,reviewed,"Workout exercise — load 2/10, technical 4/10"
distance-jump-ankle-pogo-in-place,"Ankle Pogo in Place",exercise,4,1,4,7,low,reviewed,"Workout exercise — load 1/10, technical 4/10"
forward-backward-line-pogo,"Forward-Backward Line Pogo",exercise,4,2,4,7,low,reviewed,"Workout exercise — load 2/10, technical 4/10"
distance-jump-single-leg-pogo-in-place,"Single-Leg Pogo in Place",exercise,4,3,4,7,low,reviewed,"Workout exercise — load 3/10, technical 4/10"
ankling-walk,"Ankling Walk",exercise,4,1,4,7,low,reviewed,"Workout exercise — load 1/10, technical 4/10"
distance-jump-tibialis-raise,"Tibialis Raise",exercise,4,1,4,7,low,reviewed,"Workout exercise — load 1/10, technical 4/10"
hip-airplane-stick,"Hip Airplane Stick",exercise,4,4,4,7,low,reviewed,"Workout exercise — load 4/10, technical 4/10"
wall-drive-march,"Wall Drive March",exercise,4,1,4,7,low,reviewed,"Workout exercise — load 1/10, technical 4/10"
distance-jump-wall-drive-switch,"Wall Drive Switch",exercise,4,1,4,7,low,reviewed,"Workout exercise — load 1/10, technical 4/10"
a-march-to-projection,"A-March to Projection",exercise,4,1,4,7,low,reviewed,"Workout exercise — load 1/10, technical 4/10"
a-skip-for-approach-rhythm,"A-Skip for Approach Rhythm",exercise,4,1,4,7,low,reviewed,"Workout exercise — load 1/10, technical 4/10"
distance-jump-straight-leg-bound-march,"Straight-Leg Bound March",exercise,4,1,4,7,low,reviewed,"Workout exercise — load 1/10, technical 4/10"
mini-hurdle-wicket-run-in,"Mini-Hurdle Wicket Run-In",exercise,4,1,4,7,low,reviewed,"Workout exercise — load 1/10, technical 4/10"
falling-start-to-10-meters,"Falling Start to 10 Meters",exercise,4,1,4,7,low,reviewed,"Workout exercise — load 1/10, technical 4/10"
three-point-acceleration-build-up,"Three-Point Acceleration Build-Up",exercise,4,1,4,7,low,reviewed,"Workout exercise — load 1/10, technical 4/10"
long-jump-checkmark-run-up,"Long-Jump Checkmark Run-Up",exercise,4,1,4,7,low,reviewed,"Workout exercise — load 1/10, technical 4/10"
penultimate-step-rhythm-drill,"Penultimate Step Rhythm Drill",skill_drill,4,1,4,,low,reviewed,"Skill drill — gates on class/athlete level (BEGINNER)"
distance-jump-squat-jump-to-stick,"Squat Jump to Stick",exercise,4,2,4,7,low,reviewed,"Workout exercise — load 2/10, technical 4/10"
distance-jump-countermovement-jump-to-stick,"Countermovement Jump to Stick",exercise,4,1,4,7,low,reviewed,"Workout exercise — load 1/10, technical 4/10"
distance-jump-broad-jump-to-stick,"Broad Jump to Stick",exercise,4,1,4,7,low,reviewed,"Workout exercise — load 1/10, technical 4/10"
repeated-broad-jump-elastic,"Repeated Broad Jump Elastic",exercise,4,1,4,7,low,reviewed,"Workout exercise — load 1/10, technical 4/10"
broad-jump-to-vertical-pop,"Broad Jump to Vertical Pop",exercise,4,1,4,7,low,reviewed,"Workout exercise — load 1/10, technical 4/10"
distance-jump-single-leg-hop-to-stick,"Single-Leg Hop to Stick",exercise,4,3,4,7,low,reviewed,"Workout exercise — load 3/10, technical 4/10"
single-leg-hop-for-distance,"Single-Leg Hop for Distance",exercise,4,3,4,7,low,reviewed,"Workout exercise — load 3/10, technical 4/10"
alternate-leg-bound-for-distance,"Alternate-Leg Bound for Distance",exercise,4,2,4,7,low,reviewed,"Workout exercise — load 2/10, technical 4/10"
three-bound-distance-series,"Three-Bound Distance Series",exercise,4,2,4,7,low,reviewed,"Workout exercise — load 2/10, technical 4/10"
bounding-to-pit-landing,"Bounding to Pit Landing",exercise,4,2,4,7,low,reviewed,"Workout exercise — load 2/10, technical 4/10"
alternating-bounds-for-rhythm,"Alternating Bounds for Rhythm",exercise,4,2,4,7,low,reviewed,"Workout exercise — load 2/10, technical 4/10"
alternating-bounds-for-distance,"Alternating Bounds for Distance",exercise,4,2,4,7,low,reviewed,"Workout exercise — load 2/10, technical 4/10"
distance-jump-power-skip-for-distance,"Power Skip for Distance",exercise,4,1,4,7,low,reviewed,"Workout exercise — load 1/10, technical 4/10"
distance-jump-straight-leg-bound,"Straight-Leg Bound",exercise,4,1,4,7,low,reviewed,"Workout exercise — load 1/10, technical 4/10"
hurdle-hop-to-sprint-out,"Hurdle Hop to Sprint-Out",exercise,4,1,4,7,low,reviewed,"Workout exercise — load 1/10, technical 4/10"
low-box-drop-to-broad-jump,"Low Box Drop to Broad Jump",exercise,4,1,4,7,low,reviewed,"Workout exercise — load 1/10, technical 4/10"
depth-drop-to-horizontal-rebound,"Depth Drop to Horizontal Rebound",exercise,4,2,4,7,low,reviewed,"Workout exercise — load 2/10, technical 4/10"
single-leg-rebound-hop,"Single-Leg Rebound Hop",exercise,5,3,5,9,moderate,reviewed,"Workout exercise — load 3/10, technical 5/10"
hop-step-jump-phase-series,"Hop-Step-Jump Phase Series",exercise,4,1,4,7,low,reviewed,"Workout exercise — load 1/10, technical 4/10"
triple-jump-walk-in-bound-series,"Triple-Jump Walk-In Bound Series",exercise,4,1,4,7,low,reviewed,"Workout exercise — load 1/10, technical 4/10"
distance-jump-trap-bar-deadlift,"Trap Bar Deadlift",exercise,5,5,5,9,moderate,reviewed,"Workout exercise — load 5/10, technical 5/10"
distance-jump-rear-foot-elevated-split-squat,"Rear-Foot-Elevated Split Squat",exercise,4,4,4,7,low,reviewed,"Workout exercise — load 4/10, technical 4/10"
step-up-to-knee-drive,"Step-Up to Knee Drive",exercise,4,2,4,7,low,reviewed,"Workout exercise — load 2/10, technical 4/10"
distance-jump-single-leg-romanian-deadlift,"Single-Leg Romanian Deadlift",exercise,5,7,7,12,moderate,reviewed,"Workout exercise — load 7/10, technical 5/10"
distance-jump-hip-thrust,"Hip Thrust",exercise,4,1,4,7,low,reviewed,"Workout exercise — load 1/10, technical 4/10"
distance-jump-standing-calf-raise,"Standing Calf Raise",exercise,4,1,4,7,low,reviewed,"Workout exercise — load 1/10, technical 4/10"
distance-jump-bent-knee-soleus-raise,"Bent-Knee Soleus Raise",exercise,4,1,4,7,low,reviewed,"Workout exercise — load 1/10, technical 4/10"
distance-jump-nordic-hamstring-eccentric,"Nordic Hamstring Eccentric",exercise,3,6,6,10,moderate,reviewed,"Workout exercise — load 6/10, technical 3/10"
distance-jump-medicine-ball-scoop-toss,"Medicine Ball Scoop Toss",exercise,4,4,4,7,low,reviewed,"Workout exercise — load 4/10, technical 4/10"
medicine-ball-overhead-back-throw,"Medicine Ball Overhead Back Throw",exercise,4,4,4,7,low,reviewed,"Workout exercise — load 4/10, technical 4/10"
random-gate-acceleration,"Random Gate Acceleration",exercise,4,1,4,7,low,reviewed,"Workout exercise — load 1/10, technical 4/10"
color-cone-touch-on-call,"Color Cone Touch on Call",exercise,4,1,4,7,low,reviewed,"Workout exercise — load 1/10, technical 4/10"
clap-cue-drop-step,"Clap-Cue Drop Step",exercise,4,1,4,7,low,reviewed,"Workout exercise — load 1/10, technical 4/10"
light-visual-cue-sprint-start,"Light / Visual Cue Sprint Start",exercise,4,1,4,7,low,reviewed,"Workout exercise — load 1/10, technical 4/10"
whistle-to-decel-stick,"Whistle-to-Decel Stick",exercise,4,1,4,7,low,reviewed,"Workout exercise — load 1/10, technical 4/10"
single-hand-tennis-ball-drop-catch,"Single-Hand Tennis Ball Drop Catch",exercise,4,2,4,7,low,reviewed,"Workout exercise — load 2/10, technical 4/10"
high-low-catch-decision-drill,"High-Low Catch Decision Drill",skill_drill,4,1,4,,low,reviewed,"Skill drill — gates on class/athlete level (BEGINNER)"
reactive-y-cut,"Reactive Y-Cut",exercise,5,1,5,9,moderate,reviewed,"Workout exercise — load 1/10, technical 5/10"
lateral-shuffle-decel-stick-on-cue,"Lateral Shuffle Decel Stick on Cue",exercise,5,1,5,9,moderate,reviewed,"Workout exercise — load 1/10, technical 5/10"
backpedal-to-sprint-turn-on-signal,"Backpedal-to-Sprint Turn on Signal",exercise,4,1,4,7,low,reviewed,"Workout exercise — load 1/10, technical 4/10"
drop-step-crossover-go-on-cue,"Drop-Step Crossover Go on Cue",exercise,5,1,5,9,moderate,reviewed,"Workout exercise — load 1/10, technical 5/10"
reactive-5-10-5-finish-on-signal,"Reactive 5-10-5 Finish on Signal",exercise,5,1,5,9,moderate,reviewed,"Workout exercise — load 1/10, technical 5/10"
reactive-hop-to-cut,"Reactive Hop-to-Cut",exercise,5,1,5,9,moderate,reviewed,"Workout exercise — load 1/10, technical 5/10"
multi-cone-scan-and-go,"Multi-Cone Scan-and-Go",exercise,5,1,5,9,moderate,reviewed,"Workout exercise — load 1/10, technical 5/10"
bear-to-crab-switch-on-cue,"Bear-to-Crab Switch on Cue",exercise,4,2,4,7,low,reviewed,"Workout exercise — load 2/10, technical 4/10"
low-line-partner-tag,"Low Line Partner Tag",exercise,4,2,4,7,low,reviewed,"Workout exercise — load 2/10, technical 4/10"
boundary-recovery-drill,"Boundary Recovery Drill",skill_drill,4,1,4,,low,reviewed,"Skill drill — gates on class/athlete level (BEGINNER)"
blind-side-shoulder-check-to-move,"Blind-Side Shoulder Check to Move",exercise,4,2,4,7,low,reviewed,"Workout exercise — load 2/10, technical 4/10"
three-sixty-awareness-catch-with-safe-twist,"360 Awareness Catch with Safe Twist",exercise,5,1,5,9,moderate,reviewed,"Workout exercise — load 1/10, technical 5/10"
small-sided-keep-away-footwork,"Small-Sided Keep-Away Footwork",exercise,4,2,4,7,low,reviewed,"Workout exercise — load 2/10, technical 4/10"
collision-avoidance-lane-change,"Collision-Avoidance Lane Change",exercise,4,2,4,7,low,reviewed,"Workout exercise — load 2/10, technical 4/10"
low-speed-chaos-box-reset,"Low-Speed Chaos Box Reset",exercise,4,2,4,7,low,reviewed,"Workout exercise — load 2/10, technical 4/10"
9090-hip-switch-with-reach,"90/90 Hip Switch with Reach",exercise,2,1,2,6,low,reviewed,"Workout exercise — load 1/10, technical 2/10"
half-kneeling-adductor-rockback,"Half-Kneeling Adductor Rockback",exercise,4,2,4,7,low,reviewed,"Workout exercise — load 2/10, technical 4/10"
wall-supported-hip-cars,"Wall-Supported Hip CARs",exercise,2,1,2,6,low,reviewed,"Workout exercise — load 1/10, technical 2/10"
leg-swing-matrix,"Leg Swing Matrix",exercise,4,2,4,7,low,reviewed,"Workout exercise — load 2/10, technical 4/10"
ankle-knee-to-wall-mobilization,"Ankle Knee-to-Wall Mobilization",exercise,2,1,2,6,low,reviewed,"Workout exercise — load 1/10, technical 2/10"
couch-stretch-to-glute-squeeze,"Couch Stretch to Glute Squeeze",exercise,2,1,2,6,low,reviewed,"Workout exercise — load 1/10, technical 2/10"
shin-box-get-up-kicking,"Shin Box Get-Up",exercise,4,2,4,7,low,reviewed,"Workout exercise — load 2/10, technical 4/10"
cossack-shift-with-reach,"Cossack Shift with Reach",exercise,4,2,4,7,low,reviewed,"Workout exercise — load 2/10, technical 4/10"
band-hip-flexor-march,"Band Hip-Flexor March",exercise,4,2,4,7,low,reviewed,"Workout exercise — load 2/10, technical 4/10"
wall-lean-calf-soleus-pulse,"Wall Lean Calf-Soleus Pulse",exercise,4,2,4,7,low,reviewed,"Workout exercise — load 2/10, technical 4/10"
wall-supported-slow-front-kick-chamber,"Wall-Supported Slow Front Kick Chamber",exercise,4,2,4,7,low,reviewed,"Workout exercise — load 2/10, technical 4/10"
lateral-chamber-hold-to-re-chamber,"Lateral Chamber Hold to Re-Chamber",exercise,4,2,4,7,low,reviewed,"Workout exercise — load 2/10, technical 4/10"
standing-hip-airplane-kick-prep,"Standing Hip Airplane Kick Prep",exercise,2,1,2,6,low,reviewed,"Workout exercise — load 1/10, technical 2/10"
support-leg-pivot-drill,"Support-Leg Pivot Drill",skill_drill,4,1,4,,low,reviewed,"Skill drill — gates on class/athlete level (BEGINNER)"
slow-roundhouse-line-drill,"Slow Roundhouse Line Drill",skill_drill,2,1,2,,low,reviewed,"Skill drill — gates on class/athlete level (BEGINNER)"
snap-kick-recoil-drill,"Snap Kick Recoil Drill",skill_drill,4,1,4,,low,reviewed,"Skill drill — gates on class/athlete level (BEGINNER)"
partner-target-touch-pointing-kick,"Partner Target Touch Pointing Kick",exercise,4,2,4,7,low,reviewed,"Workout exercise — load 2/10, technical 4/10"
ball-control-inside-outside-touch-matrix,"Ball-Control Inside-Outside Touch Matrix",exercise,4,2,4,7,low,reviewed,"Workout exercise — load 2/10, technical 4/10"
low-kick-check-balance-hold,"Low-Kick Check Balance Hold",exercise,4,2,4,7,low,reviewed,"Workout exercise — load 2/10, technical 4/10"
shadow-kick-rhythm-ladder,"Shadow Kick Rhythm Ladder",exercise,4,2,4,7,low,reviewed,"Workout exercise — load 2/10, technical 4/10"
medicine-ball-rotational-scoop-toss-kicking,"Medicine Ball Rotational Scoop Toss",exercise,4,4,4,7,low,reviewed,"Workout exercise — load 4/10, technical 4/10"
split-stance-band-resisted-knee-drive,"Split-Stance Band-Resisted Knee Drive",exercise,4,2,4,7,low,reviewed,"Workout exercise — load 2/10, technical 4/10"
step-behind-lateral-bound-to-stick,"Step-Behind Lateral Bound to Stick",exercise,4,2,4,7,low,reviewed,"Workout exercise — load 2/10, technical 4/10"
rotational-broad-jump-to-stick,"Rotational Broad Jump to Stick",exercise,4,1,4,7,low,reviewed,"Workout exercise — load 1/10, technical 4/10"
lateral-shuffle-to-roundhouse-target,"Lateral Shuffle to Roundhouse Target",exercise,4,1,4,7,low,reviewed,"Workout exercise — load 1/10, technical 4/10"
reactive-front-kick-pad-pop,"Reactive Front Kick Pad Pop",exercise,5,1,5,9,moderate,reviewed,"Workout exercise — load 1/10, technical 5/10"
soccer-instep-strike-into-net-or-wall,"Soccer Instep Strike into Net or Wall",exercise,4,4,4,7,low,reviewed,"Workout exercise — load 4/10, technical 4/10"
low-amplitude-pogo-to-kick-start,"Low-Amplitude Pogo to Kick Start",exercise,4,1,4,7,low,reviewed,"Workout exercise — load 1/10, technical 4/10"
partner-call-kick-reaction,"Partner Call Kick Reaction",exercise,4,2,4,7,low,reviewed,"Workout exercise — load 2/10, technical 4/10"
3-step-approach-ball-strike,"3-Step Approach Ball Strike",exercise,4,2,4,7,low,reviewed,"Workout exercise — load 2/10, technical 4/10"
rear-foot-elevated-split-squat-kicking,"Rear-Foot-Elevated Split Squat",exercise,4,4,4,7,low,reviewed,"Workout exercise — load 4/10, technical 4/10"
cossack-squat-kicking,"Cossack Squat",exercise,4,2,4,7,low,reviewed,"Workout exercise — load 2/10, technical 4/10"
single-leg-romanian-deadlift-kicking,"Single-Leg Romanian Deadlift",exercise,5,7,7,12,moderate,reviewed,"Workout exercise — load 7/10, technical 5/10"
copenhagen-side-plank-kicking,"Copenhagen Side Plank",exercise,2,2,2,6,low,reviewed,"Workout exercise — load 2/10, technical 2/10"
front-foot-elevated-split-squat,"Front-Foot-Elevated Split Squat",exercise,4,2,4,7,low,reviewed,"Workout exercise — load 2/10, technical 4/10"
single-leg-hip-thrust,"Single-Leg Hip Thrust",exercise,4,4,4,7,low,reviewed,"Workout exercise — load 4/10, technical 4/10"
standing-cable-or-band-hip-flexion,"Standing Cable or Band Hip Flexion",exercise,4,2,4,7,low,reviewed,"Workout exercise — load 2/10, technical 4/10"
landmine-rotational-press,"Landmine Rotational Press",exercise,4,5,5,9,moderate,reviewed,"Workout exercise — load 5/10, technical 4/10"
pallof-press-with-march,"Pallof Press with March",exercise,4,2,4,7,low,reviewed,"Workout exercise — load 2/10, technical 4/10"
heavy-sled-push,"Heavy Sled Push",exercise,4,3,4,7,low,reviewed,"Workout exercise — load 3/10, technical 4/10"
lateral-lunge-decel-stick,"Lateral Lunge Decel Stick",exercise,4,2,4,7,low,reviewed,"Workout exercise — load 2/10, technical 4/10"
kick-to-landing-stick,"Kick-to-Landing Stick",exercise,4,2,4,7,low,reviewed,"Workout exercise — load 2/10, technical 4/10"
eccentric-adductor-slider,"Eccentric Adductor Slider",exercise,4,1,4,7,low,reviewed,"Workout exercise — load 1/10, technical 4/10"
assisted-nordic-hamstring-eccentric,"Assisted Nordic Hamstring Eccentric",exercise,3,3,3,6,low,reviewed,"Workout exercise — load 3/10, technical 3/10"
tibialis-raise-kicking,"Tibialis Raise",exercise,4,2,4,7,low,reviewed,"Workout exercise — load 2/10, technical 4/10"
bent-knee-soleus-raise-kicking,"Bent-Knee Soleus Raise",exercise,4,2,4,7,low,reviewed,"Workout exercise — load 2/10, technical 4/10"
partner-low-kick-check-perturbation,"Partner Low-Kick Check Perturbation",exercise,4,2,4,7,low,reviewed,"Workout exercise — load 2/10, technical 4/10"
repeat-kick-interval,"Repeat Kick Interval",exercise,4,2,4,7,low,reviewed,"Workout exercise — load 2/10, technical 4/10"
shuttle-to-kick-conditioning,"Shuttle-to-Kick Conditioning",exercise,4,2,4,7,low,reviewed,"Workout exercise — load 2/10, technical 4/10"
